Sample,Time,Glucose(avg),Glucose(std),Lactic acid(avg),Lactic acid(std),Pyruvic acid(avg),Pyruvic acid(std),Succinic acid(avg),Succinic acid(std),Formic acid(avg),Formic acid(std),Acetic acid(avg),Acetic acid(std),Propanoic acid(avg),Propanoic acid(std),Isobutyric acid(avg),Isobutyric acid(std),Butyric acid(avg),Butyric acid(std),3-Methylbutanoic acid(avg),3-Methylbutanoic acid(std),Hexanoic acid(avg),Hexanoic acid(std),Lysine(avg),Lysine(std),Histidine(avg),Histidine(std),Arginine(avg),Arginine(std),Glycine(avg),Glycine(std),Serine(avg),Serine(std),Asparagine(avg),Asparagine(std),Alanine(avg),Alanine(std),Aspartic acid(avg),Aspartic acid(std),Glutamine(avg),Glutamine(std),Threonine(avg),Threonine(std),Glutamic acid(avg),Glutamic acid(std),Proline(avg),Proline(std),Valine(avg),Valine(std),Methionine(avg),Methionine(std),Tyrosine(avg),Tyrosine(std),Isoleucine(avg),Isoleucine(std),Leucine(avg),Leucine(std),Phenylalanine(avg),Phenylalanine(std),Tryptophan(avg),Tryptophan(std)
pH4.5,0,14.610266666666668,1.5966893860596538,98.00786666666666,0.35655257988440153,0.7937066666666666,0.0011465302244404309,0.26214933333333335,0.0035780506176160036,0.327468607429937,0.00990697285231179,47.58109083238971,0.6104235176843146,0.04109044276457883,0.0016237019383185658,0.011376499073128286,0.0006765884297690206,0.011411266220254986,0.00040646853547259535,0.007396161754626458,0.00011000817942678263,0.002587044289273058,5.887804069456507e-05,0.03394666666666667,0.0007514134828589536,0.03199466666666667,0.0007974715599247978,0.05431999999999999,0.001433645237381504,0.42950399999999994,0.011640642364864017,0.58448,0.04233368398804908,0.10797333333333334,0.012364824660660943,0.7004,0.03777406517704974,0.010522666666666666,0.00045486799061803516,0.07192,0.008949517677878887,0.09297066666666667,0.0023392245628745378,0.11025066666666668,0.0036895027066289315,0.11638933333333334,0.003396382912583459,0.758,0.0231654915769124,0.26224000000000003,0.01963191958690404,0.48546666666666666,0.019743240756156372,0.6032,0.050811022426241366,1.5592000000000001,0.09286377119199918,0.9713333333333334,0.042122783489329026,0.2742826666666667,0.012574061484747975
pH4.5,2,28.751733333333334,0.465143112983042,6.796666666666667,0.26702156383999315,0.5444586666666666,0.0092788075862269,0.22147733333333336,0.0036709996216592353,0.382655876602216,0.011281067392449003,44.13451120140323,0.24194528067038337,0.03704625629949604,0.0008634164117706269,0.009819922067113077,0.0001537917094897053,0.009274770173646578,0.00029524812991900564,0.006320669734651915,0.00018123852981065557,0.001804491514309926,8.662509855357615e-05,0.0096,0.0009260669522232174,0.059685333333333326,0.00581156670404423,0.06362133333333332,0.001933478615230994,0.5203733333333334,0.025353292348113062,0.5612533333333334,0.023890624846486436,0.23269333333333336,0.020154637734829742,1.1753333333333336,0.04036676300566546,0.07157866666666668,0.004884454069346496,0.08762666666666666,0.005471412574057601,0.20731200000000002,0.0034736094579941824,0.44505600000000006,0.01024090829305032,0.1488266666666667,0.0061876413025391845,0.9036,0.01459132162165811,0.3127466666666667,0.01197496648104797,0.6221333333333333,0.007962132600977959,0.6178666666666667,0.008055363982396358,1.7062666666666666,0.01569146972791976,1.1003999999999998,0.08219456591932736,0.3005973333333333,0.006118981469347853
pH4.5,4,27.202266666666663,0.9509373527677267,15.346533333333333,0.1321955453947747,0.4935733333333333,0.010920992059128873,0.21762666666666666,0.00239360332738925,0.4215499312042871,0.008676712627681113,51.57627833655277,1.079118698347671,0.041326898848092146,0.0011573158425790498,0.010565089093178982,8.339196795118209e-05,0.01055752279347785,0.00022212807436738344,0.007270113254349032,0.00013552198768881278,0.0018429447859802817,8.020565703968118e-05,0.009253333333333332,0.0008114732829174897,0.054357333333333334,0.0013039318318923843,0.06629866666666667,0.0020961967676935505,0.4982773333333334,0.01694261414959987,0.5929066666666667,0.03970586970321758,0.22522666666666669,0.008811467275973733,1.0657333333333334,0.026493437342523525,0.06077333333333333,0.002122090374031126,0.08482666666666666,0.008260901215296605,0.194816,0.003365506598814916,0.37387733333333334,0.009576293692702256,0.146816,0.005326454230223582,0.8825333333333333,0.024142539680452435,0.32847999999999994,0.022214181656470426,0.6322666666666668,0.0127387423066626,0.6196,0.016003332986183436,1.7151999999999998,0.028376516112212775,1.1128,0.11420169292382075,0.3190826666666667,0.015885157628707666
pH4.5,6,16.965733333333333,0.2512943205795845,23.0492,0.6832939826068026,0.2935733333333333,0.008590121044290086,0.13681066666666666,0.0002594215788163215,0.20180266492866972,0.004818189784600262,19.915340038633186,0.2693933680206502,0.02054945104391649,0.0010308454976419546,0.005229675027427837,0.0002955152336841448,0.0053914425150380215,0.00010741848798304387,0.0038584157446391863,0.00013815043825295514,0.0,0.0,0.009066666666666669,0.00020997354330698218,0.051077333333333336,0.003506211377287773,0.07137600000000001,0.000838131254637364,0.3027146666666667,0.0047357357283624784,0.4857333333333333,0.023784125424791684,0.13197333333333333,0.01468260951677945,0.798,0.02982079811138529,0.07658666666666668,0.0027083777842506055,0.08248,0.007293906132290612,0.14326933333333333,0.0025507945603064257,0.4579466666666667,0.01027512586567949,0.09436266666666666,0.00191494148445556,0.5998666666666667,0.011244356609230972,0.19178666666666666,0.007110655540962598,0.3706666666666667,0.003086889840744046,0.3578666666666666,0.009388408929218115,0.9717333333333332,0.025812314029461925,0.6565333333333333,0.025341051455866872,0.15310400000000002,0.001423970037137959
pH4.5,8,16.479066666666665,0.22061497884071365,60.95226666666666,0.4419546080261585,0.6539946666666666,0.0023091177728493816,0.20486933333333332,0.001723318762027374,0.3733905423998842,0.018289009863943172,50.160449832367505,0.3938675421175581,0.04006569474442045,0.0015185934814508062,0.011374077857223924,0.0004111317173930151,0.010613437748269207,0.0007322564994150211,0.007076340611638762,0.0003669333236153487,0.0020378512197004725,6.512792996850248e-05,0.029786666666666666,0.0003714236873915763,0.043562666666666666,0.0019447442562512483,0.07050666666666668,0.00118243740731686,0.44052800000000003,0.009536116330386642,0.5742933333333333,0.02104596451156897,0.14525333333333332,0.01058387872610457,0.8269333333333334,0.021679688394644618,0.03149333333333334,0.0016939022666284176,0.09024000000000001,0.0015852654877548617,0.14095466666666667,0.005739851178868274,0.23659733333333335,0.013404564927251048,0.12441066666666666,0.0036555088413090775,0.8530666666666666,0.01972161814411336,0.2774933333333333,0.02247931987899594,0.5625333333333333,0.0032714251057027475,0.5973333333333334,0.01073478251086412,1.6114666666666668,0.023351992539300703,1.072,0.09423431788189839,0.2753973333333333,0.008514709677310715
pH4.5,10,20.841733333333334,0.47292703689070525,1.2821546666666666,0.044708600733589905,0.24840533333333334,0.00923015887668727,0.11079466666666667,0.005280910359229952,0.1423236295169817,0.00488073920122957,13.695402873065564,0.834125540555948,0.014419861411087113,0.00032954282877770233,0.003655809026595544,0.00020241726217507262,0.00363023493360572,0.00014924680074909636,0.002632363980547668,0.00013513217540836662,0.0,0.0,0.014773333333333333,0.0004148359782961073,0.07021866666666667,0.00703495981193607,0.14657599999999998,0.00249172283102809,0.3234293333333333,0.017093414040371072,0.6232533333333333,0.020845318152738553,0.18621333333333334,0.017882142551221933,0.9154666666666667,0.027364859867274192,0.14115733333333333,0.013440611626294724,0.21178666666666665,0.01960313807078402,0.18042666666666665,0.0015754020298182772,0.7276,0.007628762416014757,0.09180266666666667,0.000805350993183857,0.5586666666666666,0.016940156105800463,0.1550133333333333,0.00948404039543391,0.3430666666666667,0.004634172585862065,0.31386666666666674,0.005678810517079178,0.8301333333333333,0.020739227458021543,0.4513333333333333,0.012999829058705182,0.11352533333333334,0.0032876615127202828
pH4.5,12,10.168282666666668,0.5434240047632127,111.38053333333333,0.15561468082700278,0.44224,0.028342502547705036,0.22872000000000003,0.0007402774254741729,0.25955898327177923,0.00746806948109135,50.24717467084083,1.9014098679297613,0.04128473722102232,0.0006779542960141337,0.011161427004123634,0.0003516337192355734,0.012007868951689177,0.00032431484963305177,0.007033225627468259,0.00012931433261442193,0.0026929055722521196,0.00014693961417644412,0.038639999999999994,0.0011388883468833428,0.016575999999999997,0.001864028612083694,0.05584,0.001689092853180861,0.31078400000000006,0.014073186230085431,0.5604266666666667,0.008646993054749664,0.07626666666666666,0.009993989304688203,0.5117333333333333,0.015180103937574144,0.006672000000000001,0.0004527368625003562,0.07861333333333333,0.0019923408900643018,0.05378133333333333,0.0013540155915727945,0.053295999999999996,0.008952863824870051,0.12460800000000001,0.014763107893213633,0.6605333333333333,0.01941087896573009,0.20016,0.00881913072057936,0.3921333333333334,0.0032714251057027475,0.4778666666666666,0.004083571421630294,1.2578666666666667,0.009239528607504212,0.8390666666666666,0.05349076763538009,0.24755200000000002,0.003958978992955968
pH4.5,14,6.902565333333332,0.4006550298210284,118.10946666666668,1.0987869351648185,0.4416,0.00876500192051699,0.20713599999999996,0.003945895420138076,0.14080628575566662,0.002462259451638896,44.17750727147583,1.5774102252816373,0.037601736861051116,0.00052216540677363,0.010439034540158135,0.00037786857102586755,0.011195399689781711,5.165619256174324e-05,0.0062817977088025076,2.1506578477492017e-05,0.0025664976157536742,3.3600320808753454e-05,0.009733333333333333,0.0009245299105791848,0.013642666666666666,0.0006715342301195249,0.056208,0.0019737801295990386,0.26921066666666665,0.013979009534139223,0.5812266666666667,0.027211474703800226,0.05096,0.00677784626559204,0.428,0.010792590050585625,0.0029013333333333335,0.00021239794935189196,0.07749333333333334,0.006518022876779599,0.028896,0.0009835337648838845,0.03115733333333333,0.0007672589016897912,0.13485333333333335,0.00233425810245757,0.6005333333333333,0.007341813278899292,0.16752,0.001873890783014494,0.3257333333333334,0.0035826743580118234,0.4069333333333333,0.005073679357450768,1.0836000000000001,0.016841219274941633,0.6332,0.05637304320329,0.1923733333333333,0.003389114076306993
pH5,0,50.20746666666667,0.7732460640414288,2.4866666666666664,0.19335861903612042,0.31551466666666667,0.010273248799133057,0.14734933333333333,0.0004804146357285738,0.1918510391773481,0.0067922494816377715,42.0836497257932,1.4241663480752478,0.019813714902807776,0.0003447691490210234,0.003969961790186509,0.00016696901757108632,0.006491544660083986,0.00016272902350812068,0.0027707170599562646,9.543806515330773e-05,0.0,0.0,0.0072,0.000363684845252956,0.06904,0.003125615459393559,0.2849973333333334,0.009534105702977896,0.44223466666666666,0.02703909847280827,0.5857333333333334,0.009951205398789093,0.20258666666666666,0.0072720347144997,1.6849333333333334,0.05219587041987994,0.17677866666666667,0.003758634267331102,0.11976,0.0016666133324799728,0.24436799999999997,0.003424373811370482,0.389072,0.020958171930458715,0.29076266666666667,0.007349909991890293,1.0204,0.008006663891201323,0.24058666666666667,0.00863242466260526,0.6086666666666666,0.010843533659385321,0.5205333333333333,0.009123352210429873,1.4532,0.017260359208312964,0.9846666666666666,0.10629986934245128,0.26308800000000004,0.011012007022639707
pH5,2,47.0496,2.3430909044820822,9.2756,0.2764629933041077,0.2834453333333333,0.013046829023006147,0.13387733333333332,0.0008715064862383666,0.1992743138532841,0.0033898945595137713,41.19646306534338,0.2895549838997021,0.019966162706983443,0.0007931079274567445,0.004431241251465969,0.0002216620298801693,0.006671963076457459,0.0002659432237350552,0.0028845588955253108,1.5922061360657296e-05,0.0,0.0,0.014746666666666665,0.001731075452492531,0.06932799999999999,0.002570810507732273,0.26803733333333335,0.006232273278846349,0.4661333333333334,0.0027618531620795866,0.5608533333333333,0.03557289355050495,0.18170666666666668,0.017049491357678536,1.6864000000000003,0.01168931135696194,0.15925333333333333,0.003678059391702213,0.09989333333333333,0.008666215372865419,0.22411733333333334,0.008907985531096372,0.339632,0.010675785435585844,0.2774826666666666,0.006352978374134629,1.0010666666666668,0.016239321277552086,0.22973333333333334,0.004619417952753588,0.6022666666666666,0.005208539995899837,0.5333333333333333,0.01567786833582791,1.4938666666666665,0.04125023905654641,0.9250666666666666,0.08977027471397316,0.2557973333333333,0.01515394191474797
pH5,4,40.1984,0.563303494278768,23.099066666666666,1.493235246778693,0.3227146666666667,0.017968317400976153,0.13628266666666664,0.0026838804411192098,0.18080983416612353,0.004248901320944466,33.09896978174471,1.5099102221924772,0.019055075593952486,0.0004399476919768822,0.004437142965232853,9.159740980523467e-05,0.006577800476676881,0.00015285179215561751,0.00314585985182284,3.891416403421979e-05,0.0,0.0,0.03154666666666666,0.0014698148031488723,0.07109866666666666,0.002974718959647938,0.2848586666666667,0.0066673791619262695,0.5008,0.008934277363055137,0.5717066666666666,0.0335151521288838,0.16032000000000002,0.017327465673509977,1.6109333333333333,0.020762359103809618,0.16786666666666666,0.008542674886838556,0.09536,0.00496558824981156,0.20897600000000002,0.004520181707262074,0.3072266666666667,0.008948319370449145,0.269408,0.007828116163335,0.9837333333333332,0.03551575550215557,0.21767999999999998,0.006013673308940766,0.5589333333333333,0.0030169889330625846,0.5102666666666666,0.0023170862929310083,1.4045333333333336,0.02423074264006133,0.8193333333333334,0.08716839386434104,0.25113599999999997,0.01581373715054941
pH5,6,34.580533333333335,1.6248675952896074,64.96933333333334,0.3811128033652132,0.6821013333333333,0.016556901910952094,0.146448,0.0015109626070819889,0.1793140705337099,0.007373833680215303,43.79491107706654,0.823033677613219,0.021810655147588193,0.00048803192416094795,0.004631180721068362,0.00036961610631342125,0.007702909242235084,0.000277589011489737,0.003448611247103365,7.431325550509901e-06,0.0018945984344926998,4.508676858595953e-05,0.05464000000000001,0.00047102724620414757,0.05847466666666667,0.0019320657913803629,0.26586666666666675,0.0009693177440286804,0.4968533333333334,0.01816271032148623,0.4757866666666667,0.012756648811066718,0.09322666666666668,0.006162712245612491,1.4601333333333333,0.009983096825245171,0.11314666666666666,0.004400636721606954,0.09069333333333335,0.004378046241063343,0.16483733333333334,0.013167227734881106,0.2181226666666667,0.015146754929320298,0.27614933333333336,0.005098025064233766,0.9755999999999999,0.027633795733967976,0.22224000000000002,0.0018113714877591189,0.5635999999999999,0.009649870465451859,0.5346666666666666,0.0035826743580118386,1.4714666666666665,0.01453394494125928,0.8510666666666666,0.043654807549939154,0.28453866666666666,0.013630925361919562
pH5,8,26.16213333333333,0.8406852020161214,124.27586666666666,2.016367620802861,0.836928,0.04510146758883427,0.24098666666666668,0.005389322117751815,0.0,0.0,46.34760429849686,1.2174781001106294,0.021811375089992806,0.001122592174734044,0.004901713766882306,0.0005840164941818463,0.008915106117353308,0.00017454267753708776,0.003273638173569633,0.00020568557450829184,0.0023026909542121976,0.00012760889439660057,0.04085333333333333,0.002617140084562201,0.059151999999999996,0.0005460354078873137,0.27164799999999995,0.008155041630795005,0.6506559999999999,0.0420977422672523,0.35935999999999996,0.03288561184875031,0.06045333333333334,0.0033064516059096104,1.2494666666666667,0.024878013496972644,0.023568,0.0010009915084554922,0.07362666666666666,0.004973029481334515,0.102464,0.0011431512002647204,0.16079999999999997,0.015317446610537497,0.26053866666666664,0.006975710493483023,0.8913333333333334,0.0015084944665313446,0.16688,0.003830543912640434,0.4494666666666667,0.008002221913665954,0.49853333333333333,0.002739018477889859,1.2992000000000001,0.018713275145379252,0.8389333333333333,0.09614563028147571,0.26986133333333334,0.011626972473042535
pH5,10,12.670672,0.4907064007679801,161.9570666666667,1.7085807079431672,0.8965493333333334,0.0055935404014114285,0.2916266666666666,0.00283849600238499,0.0,0.0,50.83367747951774,1.2912124104958564,0.0245991720662347,0.0008926064684627906,0.00540729391291189,0.0003926444423167641,0.010739908447773618,0.00032373682770155506,0.003369855413035674,0.00011115744880199473,0.0028076914578352703,1.8759109647001996e-05,0.04074666666666667,0.0037695387280438203,0.043285333333333335,0.0007122346679446504,0.19070933333333334,0.007845084972275446,0.5713973333333333,0.020946814512527286,0.0248,0.003690998058339597,0.016986666666666667,0.0022259879205023154,0.8368000000000001,0.027152900397563472,0.0050933333333333325,0.00042619974451215027,0.046373333333333336,0.0018351627236357596,0.03050133333333333,0.0026871533058031656,0.06218666666666667,0.0020071906292682402,0.211808,0.0023607817914128846,0.5973333333333333,0.01737533372980854,0.08901333333333333,0.005130544697094923,0.26226666666666665,0.00552650180695005,0.3409333333333333,0.007492811369721146,0.9441333333333336,0.004349201714746636,0.5288,0.03037367281051137,0.207296,0.012950818146614005
pH5,12,10.434133333333333,0.22899114005179833,156.94546666666668,1.4544864782993083,0.6473546666666666,0.004128234274144608,0.26477866666666666,0.0018445778800461206,0.0303494098051995,0.002293525232289227,51.038894069584146,0.386984008410001,0.024487041036717064,0.00019299588162954333,0.005473461203798283,0.00017043274404634053,0.01119123822494609,7.128038634538734e-05,0.004156695714612095,6.812453382463683e-05,0.003210216862103985,3.735991836636692e-05,0.006640000000000001,0.0007361159328982534,0.04200533333333333,0.0019048438839501327,0.16798933333333332,0.004171662285255381,0.5361333333333334,0.00958988207551179,0.026,0.0011611488563774543,0.01792,0.00029933259094191484,0.8,0.017971829808527212,0.008165333333333335,0.0002691088173129147,0.04165333333333333,0.0033244682114420793,0.020442666666666668,0.0008458673392178933,0.03532266666666666,0.0024818860211988434,0.19778666666666667,0.0025671345028174123,0.5708000000000001,0.01381400255779135,0.07861333333333334,0.006826562499205264,0.22946666666666668,0.0014727148022916435,0.32253333333333334,0.0004988876515698731,0.908,0.010827126427019593,0.4649333333333333,0.010734782510864195,0.20962133333333335,0.003971553963990525
pH5,14,9.679466666666666,0.5727966790716889,150.9428,1.4137393630604935,1.8457120000000002,0.0032359843427721907,0.46078933333333333,0.003356501882747718,0.038996958505322615,0.005502466196523844,51.42309442927241,0.9898583528591851,0.024646148308135354,0.0007163392641446329,0.005638784852267998,0.00013901861436850936,0.010950932546438162,0.00018899093790964783,0.0034817715982897613,9.625687756407296e-05,0.003108459174534522,6.928838933902022e-05,0.0,0.0,0.025205333333333333,0.0018438838237686108,0.11772266666666667,0.005309595171845863,0.40441066666666664,0.024097785974833627,0.0208,0.0017959955456514894,0.0,0.0,0.6491999999999999,0.005941941321375225,0.009152,0.0006198150261704428,0.02733333333333333,0.002198019310399453,0.017295999999999995,0.0007910971284656942,0.029589333333333332,0.0012182668928532128,0.18065066666666665,0.0015868436876040708,0.4888,0.007418894796396552,0.06376,0.0026152374015883644,0.1976,0.004013311184877972,0.2798666666666666,0.005953896949804282,0.818,0.004630334761116146,0.4081333333333334,0.01886466420468584,0.176048,0.012977890532234674
pH5.5,0,55.208666666666666,0.7013758922448278,1.7111306666666666,0.05373791504039654,0.08275733333333334,0.0053259308628215915,0.15982933333333332,0.002114638083035073,0.4590052139908755,0.004792348792048998,50.67014143298031,0.33622047688898027,0.023324649028077755,0.0006293121839384725,0.007869216509665948,0.0004145000705753737,0.014411644535240038,0.00043790503538768474,0.00733718463396325,0.00018495659241516408,0.0,0.0,0.013333333333333334,0.0007847434117099826,0.12416533333333332,0.0022024406663719463,0.36113599999999996,0.002215061172970167,0.7154933333333333,0.04227914617029163,0.6764533333333334,0.023035400775521308,0.19957333333333335,0.005163702375449437,1.9789333333333334,0.049040210258748114,0.17425066666666666,0.007790103351190041,0.14096,0.008321794678232975,0.28204266666666666,0.021336331789279583,0.5268373333333334,0.009859084654379504,0.318112,0.009328096054393943,1.2216000000000002,0.012163332876587283,0.21490666666666663,0.005392867717849399,0.8906666666666666,0.016047706655123322,0.9742666666666667,0.011939104749612624,2.6322666666666663,0.02537470306339697,1.9672,0.1756290029199808,0.3385706666666667,0.02208671331114906
pH5.5,2,55.89346666666667,4.831908126426062,10.040933333333333,0.6105714336222713,0.12866666666666665,0.007878916563984057,0.159824,0.002363057905906387,0.42173538996306753,0.00515061147226003,45.50006105819401,0.7276103705624307,0.02089029877609791,0.00033802592093656105,0.007200204290091931,0.0003111700476989118,0.013139938712972418,0.00013616788749655343,0.006358921635823624,6.990158730938157e-05,0.0,0.0,0.010053333333333334,0.0003714236873915767,0.11852800000000001,0.0032293058077549758,0.35803199999999996,0.013435243602803282,0.661632,0.02610765977001129,0.6479466666666667,0.03401560948871692,0.19152000000000002,0.0055475640299744835,1.985866666666667,0.03958495786140104,0.1714026666666667,0.002923649469793235,0.14293333333333336,0.014282831963195852,0.2790026666666667,0.008644051724869668,0.49515733333333334,0.006167459840881727,0.32092266666666663,0.004912188197625253,1.2132,0.03009496081849358,0.2166933333333333,0.007195060033723764,0.8573333333333334,0.007654773383683937,0.9645333333333334,0.018305069121845905,2.5597333333333334,0.057541946052906134,1.935066666666667,0.07619647119271487,0.30844800000000006,0.018476169299938762
pH5.5,4,45.42426666666667,0.8257509121332497,31.484266666666667,0.22084838439274976,0.244352,0.003261986306940402,0.143696,0.0011803186010565148,0.44215569556086615,0.0007427064413625978,49.64725571171652,0.3321036147277221,0.022840217782577395,0.0002910525432882783,0.008086823289070481,0.000503756548986861,0.014256951537850414,0.0003236458805363442,0.0070834883645027585,0.00016033935106282793,0.0017425932255092117,2.270349766893423e-05,0.009946666666666668,0.0007982202425117741,0.10367466666666666,0.0038695382440573182,0.33244266666666666,0.003488081548486063,0.664288,0.010007280549679792,0.5074133333333334,0.012351877949886353,0.14421333333333333,0.000999911107160154,1.8576000000000001,0.05508103121765242,0.13392533333333334,0.0027115581416513063,0.12573333333333334,0.004250469255139833,0.24485866666666667,0.005823023117094947,0.40824,0.007816792863231474,0.3050133333333333,0.008569134897344599,1.1749333333333334,0.012548926470242607,0.2081333333333333,0.007283173911298712,0.8416,0.02179418882791163,1.0262666666666667,0.001472714802291553,2.5789333333333335,0.05908126230502822,1.6308,0.05203998462720755,0.3078666666666666,0.006496083195964237
pH5.5,6,29.84133333333333,0.6077242649608645,87.18440000000001,0.846414807683955,0.7735306666666666,0.01363285339008518,0.19121599999999997,0.002755811314295676,0.26788029545948294,0.0012190241600544144,48.70658207331423,0.3838588280134694,0.02044100971922246,0.0008317678638463653,0.0072773048840464585,0.00020770196237087138,0.01358820413876594,0.0004934675349914865,0.005997291034302687,8.449836303784149e-05,0.001943497221751122,0.0001272680385955274,0.010373333333333333,0.0005926962872238106,0.092496,0.004047483498010416,0.34731733333333326,0.0077287600270389955,0.696384,0.009786098439453144,0.39173333333333327,0.022552276061532147,0.055413333333333335,0.0016962180153375197,1.6203999999999998,0.04777279560586756,0.05786666666666668,0.0025733098444523875,0.11058666666666665,0.004641991909610451,0.161552,0.00550457361352056,0.2965706666666667,0.008307316828488525,0.26709866666666665,0.003256706448068191,0.9706666666666667,0.007022503510540566,0.14754666666666666,0.0054846533365584945,0.6689333333333334,0.016984175641526492,0.8804,0.01005584407198125,2.054133333333333,0.04542226570991629,1.4409333333333332,0.05816054409037864,0.2710186666666667,0.007025467829420498
pH5.5,8,12.748533333333333,1.0892705489862884,127.41746666666667,0.9123973598286139,1.2977013333333334,0.014480824040395255,0.24318933333333334,0.0038871402798915616,0.0,0.0,52.14149403849997,1.4632649900291896,0.023559260259179267,0.00030866626064823924,0.008260242878220405,0.00024576042606527863,0.018593273559565693,0.0005698711634120723,0.006932504324553674,8.773556033728159e-05,0.0027618344965448017,0.00015761318978799378,0.01808,0.001209738263702801,0.06352000000000001,0.0005039365039367564,0.23972799999999997,0.0050315527093201225,0.6073813333333333,0.008873528773204508,0.033786666666666666,0.0023013812277750843,0.012746666666666665,0.0007737929668558347,0.9765333333333333,0.023057801764743733,0.004933333333333333,0.0006776062442320189,0.04463999999999999,0.0034072863102474924,0.04790933333333334,0.0007186753246231713,0.10183466666666664,0.005461687488516917,0.22790933333333335,0.004014615077715709,0.6338666666666667,0.012360510597148601,0.06784,0.0014722318657965066,0.396,0.007858753081755376,0.5676,0.019236077216175596,1.3272,0.0165795054208502,0.9954666666666667,0.10053421750274334,0.25023466666666666,0.01417047497047605
pH5.5,10,10.899221333333335,0.16543880455188162,131.37533333333334,0.18512621520346526,0.17729599999999995,0.004187070893436919,0.22572266666666668,0.001607732426604494,0.04005025707871678,0.004186921673188129,54.375574502098175,1.4578959043108162,0.024840082793376527,3.51981734788119e-05,0.010679378050164567,0.00037472039495654814,0.02014126281542012,0.00024384734253549104,0.011312216456150657,6.012558600896222e-05,0.0032578530046209926,4.2675946606204e-05,0.0036799999999999997,0.00011313708498984769,0.056869333333333334,0.003656045708442692,0.1911786666666667,0.00488972728164761,0.5706239999999999,0.0346709502994462,0.019226666666666666,0.001589744913150814,0.012293333333333335,0.0009826947078767079,1.0225333333333333,0.036123245824384254,0.013909333333333334,0.0012808219583099318,0.039413333333333335,0.0013423693811896794,0.04320533333333334,0.002477136698331808,0.063904,0.00339690211810703,0.20856000000000002,0.0007258429582216807,0.584,0.021513406672739384,0.05,0.0016251358917538793,0.3716,0.0069818813128458765,0.5633333333333332,0.00786779652903039,1.404,0.03054875884003586,0.8667999999999998,0.09586879923450936,0.22135466666666664,0.005846131332390295
pH5.5,12,9.133637333333334,0.24791805694265567,121.44173333333332,0.9086976663824393,0.17956266666666668,0.004344274188195559,0.202208,0.005158323241777958,0.05609573466579767,0.0027605073245722356,57.93306356713071,0.8340786141834369,0.025741585673146147,0.00033880508038421076,0.010780842129156736,0.00026417190655476247,0.020224983921613135,0.00022804448227958202,0.013054375142791867,0.00011806076840310725,0.0034294579035678034,8.699686370401486e-05,0.005306666666666667,0.0002719477073916148,0.056794666666666674,0.00019653894157534241,0.17685333333333336,0.0015135206932476658,0.49173866666666666,0.014098081319416797,0.02946666666666667,0.0015253706289146758,0.013280000000000002,0.000493153120237518,1.0335999999999996,0.012039933554633873,0.018944,0.0006250247995079885,0.03653333333333334,0.0021309987225607498,0.04473066666666667,0.0017888702828569992,0.06121066666666667,0.0022980788111425206,0.20734400000000003,0.006195960834823489,0.5661333333333334,0.009854045982347633,0.06008000000000001,0.0020953281365934137,0.326,0.0048110982807116325,0.5174666666666667,0.013391871498122385,1.2532,0.031861366365343924,0.7912000000000001,0.0775099133444663,0.19553066666666666,0.005331791777212942
pH5.5,14,9.819381333333332,0.9496614730865366,127.79146666666668,3.7595702780444946,0.14060266666666665,0.005816204795416186,0.22645333333333334,0.0015232993431656449,0.06759924686798466,0.004331075817183322,60.14964808277271,0.22877679994904343,0.025642413606911447,0.0009192440347952555,0.009675897552302047,0.00026109209641077307,0.02070086634131578,4.2400823883461305e-05,0.010203890466399036,0.00019310618043277733,0.00363788037531541,0.00010464726922306135,0.005413333333333334,0.00016438437341250646,0.064416,0.0014348351821725001,0.17771733333333337,0.00487683102935594,0.49174933333333337,0.024348798154232517,0.03544,0.0018207690682785667,0.010666666666666666,0.0008698403429493383,1.1344,0.021113029152634678,0.020111999999999998,0.00024821496060202866,0.044160000000000005,0.003903366068749724,0.04659200000000001,0.0019309465727115952,0.05854933333333334,0.0069715010977231835,0.22370666666666666,0.000472895572216767,0.5877333333333332,0.002927266453346678,0.07445333333333333,0.0041478454916043074,0.3312,0.00878179936004005,0.5438666666666667,0.021347495299344984,1.3217333333333334,0.04329906337195862,0.8081333333333333,0.05741854133369184,0.18936533333333333,0.00765240970036381
pH6.5,0,54.21,1.4151052917244935,2.5076853333333333,0.08783548776105365,0.113536,0.006132155249176267,0.09193599999999999,0.0005528688813814769,0.860699833441958,0.02525247482720207,51.32107173782722,1.6348245184704016,0.030590667746580275,0.0003210672920390659,0.006331706578897591,0.00034561355916551,0.009495327809934551,0.0003589419882211078,0.006454584026893829,0.00014714302706914193,0.0020736357195310197,7.638274076181302e-05,0.008053333333333332,0.000507367935745079,0.12663466666666667,0.004794135676937912,0.29488000000000003,0.002691553207103055,0.7553973333333334,0.02853352672831659,0.5661333333333334,0.03472038914272452,0.15672000000000003,0.012628349060744242,2.0085333333333333,0.029937416202619877,0.14963733333333332,0.011550362457035224,0.07776000000000001,0.004487137171961644,0.2721173333333334,0.0070548006035291684,0.4521386666666667,0.020981055412495862,0.331952,0.006234212700894945,1.1478666666666668,0.00938272644573812,0.23797333333333334,0.003357035729462659,0.6587999999999999,0.008396824796711388,0.6529333333333333,0.00846850373770685,1.7657333333333334,0.021101237457130707,0.9973333333333334,0.019300662049669605,0.34829333333333334,0.0029580630299046937
pH6.5,2,50.36786666666667,1.2047045705160344,11.543066666666666,1.2139602336521933,0.12458133333333335,0.009741712557633567,0.10461333333333335,0.003635917613050232,0.7617680498225794,0.00846307746720434,54.10243899731344,2.1170769559659095,0.025852996760259178,0.00046738775737217684,0.005674119471872281,0.00037960197613823597,0.008007074490220556,0.000468096048745296,0.006037697052775873,3.544484072992173e-05,0.0020031571857829643,9.027646283781116e-05,0.008320000000000001,0.0009074506414492571,0.12183466666666667,0.002993392427033625,0.29504,0.007218441567725434,0.6792746666666667,0.04253239472318585,0.5672,0.034653269206045556,0.15986666666666666,0.009467605587240933,2.0374666666666665,0.0756288010982295,0.15539199999999997,0.010912993112188178,0.08408,0.004443182042935743,0.2624533333333333,0.008739968166735827,0.45535466666666663,0.012672675627331268,0.29703466666666667,0.001293418553893345,1.0805333333333331,0.03675407762714525,0.22082666666666667,0.007376310429717269,0.6090666666666666,0.013467326716497599,0.5905333333333334,0.005622178304615418,1.6224000000000003,0.012936769303037023,1.0054666666666667,0.0761908714275463,0.29567466666666664,0.0065070557260732045
pH6.5,4,38.59173333333334,0.8595459473207678,32.965466666666664,0.7666857041114596,0.14576533333333333,0.006005527527943649,0.078336,0.00231799453551269,0.7449254109638641,0.0020300000421691645,46.833094651302204,0.13908762352740012,0.026867755579553634,0.0005896475120821414,0.006028222297885219,0.0003284940929835569,0.008249877047629858,3.3806164407235514e-05,0.007265641829041419,6.982664618996054e-05,0.0019532540220256896,5.91589572467331e-05,0.01352,0.0008787870428418165,0.11708800000000001,0.0011758276517698806,0.28631466666666666,0.0044208347125351145,0.6151786666666667,0.007994988652622062,0.5478133333333334,0.056007669316105506,0.11413333333333332,0.00893050701559298,1.8525333333333336,0.02537680480719011,0.13294399999999998,0.012202221437099073,0.08162666666666667,0.009229826048679836,0.22528,0.005521476131132581,0.37378666666666666,0.0028948456876931616,0.29375466666666666,0.01219876161292158,1.0037333333333334,0.014214859205149524,0.2190666666666667,0.004349201714746685,0.5496,0.009260669522232172,0.5629333333333333,0.004759084879353273,1.5170666666666666,0.024054013294158464,0.9102666666666668,0.041318707089592635,0.30410133333333333,0.0079722648113458
pH6.5,6,24.503600000000002,0.9836108173459678,84.99040000000001,0.22222223111110434,0.576288,0.014447607229803395,0.06174933333333333,0.0019826375250043917,0.6975240060829894,0.0074597550492122265,48.92462643486756,0.7595043432629487,0.031009584233261337,0.0004432997811199061,0.006664850754738396,5.071726867355875e-05,0.010338667574622632,0.00017086635563877872,0.006735990078005158,4.588286521762727e-05,0.002479805575666999,3.950875739805375e-05,0.03213333333333333,0.0005926962872238091,0.08621333333333332,0.007002083753347204,0.21714666666666668,0.0034018557027337606,0.3986453333333334,0.016708282124609782,0.3217866666666666,0.017194148875578456,0.07349333333333333,0.00652194926553574,1.4404000000000003,0.004013311184877977,0.043952,0.0013175168563121535,0.057359999999999994,0.006035981002841765,0.139856,0.0018894006104229586,0.16666133333333336,0.0037245153003071674,0.25132266666666664,0.008118591229736578,0.8869333333333332,0.024623746442994622,0.17274666666666666,0.009798031548337777,0.5115999999999999,0.009471360338761621,0.5338666666666667,0.004529410067056863,1.3933333333333333,0.01763733413970374,0.8621333333333332,0.049665906034444075,0.2938186666666666,0.013665176113838497
pH6.5,8,7.825866666666666,0.2589620993290118,130.47586666666666,0.3122292035597529,1.1927306666666666,0.01446468631606721,0.08112533333333333,0.0015071928284802198,0.0763052357158375,0.003427422265918755,52.65075823175471,0.4302056252676877,0.028487176025917924,0.0006394421584313068,0.00625184428555215,0.0004286841193410346,0.012709151439488517,0.00010308575902313285,0.006102908058356996,2.336868098585885e-05,0.0029072395171072575,8.384475474250536e-05,0.005626666666666666,0.00013597385369580717,0.058026666666666664,0.00407796724960965,0.1308853333333333,0.004306276143284609,0.08809066666666666,0.004812505191916389,0.03058666666666666,0.0041622216289968145,0.022746666666666665,0.0008916401865226907,0.8850666666666667,0.04555124098809553,0.008688000000000001,0.0006804547499038166,0.03048,0.0020312229485378143,0.03585066666666666,0.0025997360549785725,0.052784,0.005006184974608909,0.19177599999999997,0.00017133203631156306,0.5522666666666668,0.004161196409153866,0.10338666666666665,0.0036393894481843454,0.32306666666666667,0.003034615113797589,0.3692,0.00460724067817895,0.9467999999999999,0.01195101111482479,0.5932,0.03641538136557129,0.2168746666666667,0.0005797409383125816
pH6.5,10,7.616266666666666,0.12404486643504739,130.00933333333333,1.167230081098934,0.42410133333333333,0.011796802881383671,0.10723733333333332,0.00258277645610731,0.16226077196031574,0.0031912125622298414,57.326450409644984,0.030874674254271033,0.032137598992080636,0.0005419309812607481,0.007310407445238906,0.00010923560716587897,0.014429009193054136,0.0001859892120206435,0.0071244165932308505,0.00021777965783759262,0.0036353837823039767,6.413254971233795e-05,0.01832,0.0005184592558726281,0.059008000000000005,0.004115101294824553,0.14070399999999997,0.002448087144418402,0.1308746666666667,0.004048607771677677,0.05893333333333334,0.004933405404878955,0.032053333333333336,0.0010619897467594576,1.0186666666666666,0.04177569734772699,0.016778666666666667,0.0005784146916837046,0.03597333333333333,0.0006984427121978005,0.049338666666666676,0.0025888485643020716,0.04906666666666666,0.0017725291409608893,0.22753066666666666,0.006084774733345146,0.5670666666666667,0.0019136933459209542,0.11786666666666668,0.0028987046915629226,0.32466666666666666,0.003222145592958541,0.35973333333333335,0.006165134944905002,0.93,0.007361159328982565,0.5957333333333332,0.04713026864152403,0.21465599999999999,0.0018730253602127292
pH6.5,12,4.9736,0.3527977324190165,99.802,0.12096456781498516,0.45017599999999997,0.007560808422384485,0.043589333333333334,0.0006599986531972777,0.199631399811717,0.0022133645756024687,52.05798308132952,0.6556282918184249,0.02849752519798416,0.0009154378976967803,0.006574811788294934,0.00037744888943252775,0.013203609124957438,0.00010480145874522062,0.00683818009726166,9.834015391437816e-05,0.0032657158377834387,4.0445047448826636e-05,0.007893333333333334,0.0008270966623611113,0.041968,0.0018224554864248396,0.06894933333333333,0.0009622492169680167,0.09003733333333333,0.006734718273411453,0.033626666666666666,0.003285090900146024,0.019733333333333335,0.0012553175782335799,0.7084,0.03536928988072374,0.008048,0.00042109698012057366,0.012213333333333333,0.0008698403429493388,0.034544000000000005,0.0018571490695866786,0.018032,0.0004153841595439101,0.175984,0.0035066169831714862,0.44106666666666666,0.004587906809089397,0.09527999999999999,0.0016742759629165133,0.2633333333333333,0.00018856180831641807,0.2965333333333333,0.006369371153331311,0.7848,0.012936769303036983,0.5325333333333334,0.05213759573368234,0.19565866666666668,0.011538565287282851
pH6.5,14,4.984799999999999,0.40772317406135555,99.67706666666666,0.43783057098481554,0.45121066666666665,0.006594592801850777,0.043887999999999996,0.0002543278723747497,0.2494258092548338,0.007225068005122948,54.95697617620285,0.7087527166597667,0.02885943124550036,0.0003948914493514707,0.0068693300041614645,0.00024779048736000333,0.01355672833200923,0.0004469334393123975,0.007103462906752831,0.0001256833317917147,0.0033811043492659016,6.013669956712933e-05,0.0013866666666666667,0.001961042806490692,0.03541333333333333,0.0013251589422488999,0.06326933333333333,0.0018222837929977409,0.07366933333333332,0.005412232400364523,0.022719999999999997,0.001862471476291651,0.013866666666666668,0.0012772192015816576,0.7057333333333332,0.0074212906933737435,0.007098666666666666,0.0004457722388046262,0.011973333333333334,0.0005706915882408713,0.030570666666666666,0.0005906772008089999,0.01660266666666667,0.0019712854238344638,0.1860053333333333,0.003377385708239759,0.43906666666666666,0.02521868795600243,0.10184000000000001,0.0023740822788325265,0.26559999999999995,0.0032166234884839747,0.29933333333333334,0.005084180257316684,0.7597333333333333,0.007563655788630842,0.5193333333333334,0.05894389045713064,0.17505066666666666,0.007409069277281433
